{	
    "marketDataServer": {
      "tibrvConfiguration": {
        "service": "31074",
        "network": "em2;239.110.192.11",
        "daemon": "tcp:9025", 
        "subjects": [
          "FA_QAB_MD.FAMDGRP074.074-SBE"
        ]
      }
    },
    "stateTransfer": {
      "tibrvConfiguration": {
        "service": "32074",
        "network": "em2;239.110.193.11",
        "daemon": "tcp:9025"
      }
    },
    "securityListPublisher": {
      "udpTransport": {
        "port": 33074,
        "ipAddress": "239.110.192.12",
        "networkInterface": "em2"
      }
    },
    "snapshotPublisher": {
      "udpTransport": {
        "port": 34074,
        "ipAddress": "239.110.192.10",
        "networkInterface": "em2"
      }
    },
    "faultTolerance": {
      "service": "35074",
      "network": "em2;239.110.194.11",
      "daemon": "tcp:9025"
    }
}