{	
    "marketDataServer": {
      "tibrvConfiguration": {
        "service": "31086",
        "network": "em2;239.110.192.116",
        "daemon": "tcp:9025", 
        "subjects": [
          "FA_QAB_MD.FAMDGRP086.086-SBE"
        ]
      }
    },
    "stateTransfer": {
      "tibrvConfiguration": {
        "service": "32086",
        "network": "em2;239.110.193.117",
        "daemon": "tcp:9025"
      }
    },
    "securityListPublisher": {
      "udpTransport": {
        "port": 33086,
        "ipAddress": "239.110.192.117",
        "networkInterface": "em2"
      }
    },
    "snapshotPublisher": {
      "udpTransport": {
        "port": 34086,
        "ipAddress": "239.110.192.115",
        "networkInterface": "em2"
      }
    },
    "faultTolerance": {
      "service": "35086",
      "network": "em2;239.110.194.117",
      "daemon": "tcp:9025"
    }
}