{	
    "marketDataServer": {
      "tibrvConfiguration": {
        "service": "31082",
        "network": "em2;239.110.192.110",
        "daemon": "tcp:9025", 
        "subjects": [
          "FA_QAB_MD.FAMDGRP082.082-SBE"
        ]
      }
    },
    "stateTransfer": {
      "tibrvConfiguration": {
        "service": "32082",
        "network": "em2;239.110.193.111",
        "daemon": "tcp:9025"
      }
    },
    "securityListPublisher": {
      "udpTransport": {
        "port": 33082,
        "ipAddress": "239.110.192.111",
        "networkInterface": "em2"
      }
    },
    "snapshotPublisher": {
      "udpTransport": {
        "port": 34082,
        "ipAddress": "239.110.192.109",
        "networkInterface": "em2"
      }
    },
    "faultTolerance": {
      "service": "35082",
      "network": "em2;239.110.194.111",
      "daemon": "tcp:9025"
    }
}