{	
    "marketDataServer": {
      "tibrvConfiguration": {
        "service": "31078",
        "network": "em2;239.110.192.17",
        "daemon": "tcp:9025", 
        "subjects": [
          "FA_QAB_MD.FAMDGRP078.078-SBE"
        ]
      }
    },
    "stateTransfer": {
      "tibrvConfiguration": {
        "service": "32078",
        "network": "em2;239.110.193.17",
        "daemon": "tcp:9025"
      }
    },
    "securityListPublisher": {
      "udpTransport": {
        "port": 33078,
        "ipAddress": "239.110.192.18",
        "networkInterface": "em2"
      }
    },
    "snapshotPublisher": {
      "udpTransport": {
        "port": 34078,
        "ipAddress": "239.110.192.16",
        "networkInterface": "em2"
      }
    },
    "faultTolerance": {
      "service": "35078",
      "network": "em2;239.110.194.17",
      "daemon": "tcp:9025"
    }
}