{	
    "marketDataServer": {
      "tibrvConfiguration": {
        "service": "31098",
        "network": "em2;239.110.192.131",
        "daemon": "tcp:9025", 
        "subjects": [
          "FA_QAB_MD.FAMDGRP098.098-SBE"
        ]
      }
    },
    "stateTransfer": {
      "tibrvConfiguration": {
        "service": "32098",
        "network": "em2;239.110.193.132",
        "daemon": "tcp:9025"
      }
    },
    "securityListPublisher": {
      "udpTransport": {
        "port": 33098,
        "ipAddress": "239.110.192.132",
        "networkInterface": "em2"
      }
    },
    "snapshotPublisher": {
      "udpTransport": {
        "port": 34098,
        "ipAddress": "239.110.192.130",
        "networkInterface": "em2"
      }
    },
    "faultTolerance": {
      "service": "35098",
      "network": "em2;239.110.194.132",
      "daemon": "tcp:9025"
    }
}