{	
    "marketDataServer": {
      "tibrvConfiguration": {
        "service": "31072",
        "network": "em2;239.110.192.8",
        "daemon": "tcp:9025", 
        "subjects": [
          "FA_QAB_MD.FAMDGRP072.072-SBE"
        ]
      }
    },
    "stateTransfer": {
      "tibrvConfiguration": {
        "service": "32072",
        "network": "em2;239.110.193.8",
        "daemon": "tcp:9025"
      }
    },
    "securityListPublisher": {
      "udpTransport": {
        "port": 33072,
        "ipAddress": "239.110.192.9",
        "networkInterface": "em2"
      }
    },
    "snapshotPublisher": {
      "udpTransport": {
        "port": 34072,
        "ipAddress": "239.110.192.7",
        "networkInterface": "em2"
      }
    },
    "faultTolerance": {
      "service": "35072",
      "network": "em2;239.110.194.8",
      "daemon": "tcp:9025"
    }
}