{	
    "marketDataServer": {
      "tibrvConfiguration": {
        "service": "31088",
        "network": "em2;239.110.192.119",
        "daemon": "tcp:9025", 
        "subjects": [
          "FA_QAB_MD.FAMDGRP088.088-SBE"
        ]
      }
    },
    "stateTransfer": {
      "tibrvConfiguration": {
        "service": "32088",
        "network": "em2;239.110.193.120",
        "daemon": "tcp:9025"
      }
    },
    "securityListPublisher": {
      "udpTransport": {
        "port": 33088,
        "ipAddress": "239.110.192.120",
        "networkInterface": "em2"
      }
    },
    "snapshotPublisher": {
      "udpTransport": {
        "port": 34088,
        "ipAddress": "239.110.192.118",
        "networkInterface": "em2"
      }
    },
    "faultTolerance": {
      "service": "35088",
      "network": "em2;239.110.194.120",
      "daemon": "tcp:9025"
    }
}