{	
    "marketDataServer": {
      "tibrvConfiguration": {
        "service": "10094",
        "network": "em2;239.110.101.94",
        "daemon": "tcp:9025", 
        "subjects": [
          "FA_QAB_MD.FAMDGRP094.094-SBE"
        ]
      }
    },
    "stateTransfer": {
      "tibrvConfiguration": {
        "service": "10094",
        "network": "em2;239.110.101.94",
        "daemon": "tcp:9025"
      }
    },
    "securityListPublisher": {
      "udpTransport": {
        "port": 33094,
        "ipAddress": "233.205.192.129",
        "networkInterface": "em3"
      }
    },
    "snapshotPublisher": {
      "udpTransport": {
        "port": 34094,
        "ipAddress": "233.205.192.127",
        "networkInterface": "em3"
      }
    },
    "faultTolerance": {
      "service": "12094",
      "network": "em2;239.110.102.94",
      "daemon": "tcp:9025"
    }
}