{	
    "marketDataServer": {
      "tibrvConfiguration": {
        "service": "10074",
        "network": "em2;239.110.101.74",
        "daemon": "tcp:9025", 
        "subjects": [
          "FA_QAB_MD.FAMDGRP074.074-SBE"
        ]
      }
    },
    "stateTransfer": {
      "tibrvConfiguration": {
        "service": "10074",
        "network": "em2;239.110.101.74",
        "daemon": "tcp:9025"
      }
    },
    "securityListPublisher": {
      "udpTransport": {
        "port": 33074,
        "ipAddress": "233.205.192.12",
        "networkInterface": "em3"
      }
    },
    "snapshotPublisher": {
      "udpTransport": {
        "port": 34074,
        "ipAddress": "233.205.192.10",
        "networkInterface": "em3"
      }
    },
    "faultTolerance": {
      "service": "12074",
      "network": "em2;239.110.102.74",
      "daemon": "tcp:9025"
    }
}