{	
    "marketDataServer": {
      "tibrvConfiguration": {
        "service": "10072",
        "network": "em2;239.110.101.72",
        "daemon": "tcp:9025", 
        "subjects": [
          "FA_QAB_MD.FAMDGRP072.072-SBE"
        ]
      }
    },
    "stateTransfer": {
      "tibrvConfiguration": {
        "service": "10072",
        "network": "em2;239.110.101.72",
        "daemon": "tcp:9025"
      }
    },
    "securityListPublisher": {
      "udpTransport": {
        "port": 33072,
        "ipAddress": "233.205.192.9",
        "networkInterface": "em3"
      }
    },
    "snapshotPublisher": {
      "udpTransport": {
        "port": 34072,
        "ipAddress": "233.205.192.7",
        "networkInterface": "em3"
      }
    },
    "faultTolerance": {
      "service": "12072",
      "network": "em2;239.110.102.72",
      "daemon": "tcp:9025"
    }
}