{
  "configuredChannels": [
    {
      "channelNo": 1,
      "inboundListener": {
        "type": "tibrv",
        "tibrvConfiguration": {
          "service": "6160",
          "network": "p2p2;239.118.112.61",
          "daemon": "tcp:8025",
          "callbackInstanceName": "upperbus",
          "subjects": [
            "FA_OUTBOUND.FAOEGRP101"
          ]
        }
      },
      "udpTransportInterfaceConfiguration": {
        "port": 50002,
        "ipAddress": "239.114.102.1",
        "networkInterface": "p2p2"
      }
    },
    {
      "channelNo": 2,
      "inboundListener": {
        "type": "tibrv",
        "tibrvConfiguration": {
          "service": "6160",
          "network": "p2p2;239.118.112.61",
          "daemon": "tcp:8025",
          "callbackInstanceName": "upperbus",
          "subjects": [
            "FA_OUTBOUND.FAOEGRP101"
          ]
        }
      },
      "udpTransportInterfaceConfiguration": {
        "port": 50002,
        "ipAddress": "239.114.102.1",
        "networkInterface": "p2p2"
      }
    }
  ],
  "faultTolerance": {
    "service": "6160",
    "network": "p2p2;239.118.112.61",
    "daemon": "tcp:8025"
  }
}