{	
    "marketDataServer": {
      "tibrvConfiguration": {
        "service": "10070",
        "network": "em2;239.110.101.70",
        "daemon": "tcp:9025", 
        "subjects": [
          "FA_QAB_MD.FAMDGRP070.070-SBE"
        ]
      }
    },
    "stateTransfer": {
      "tibrvConfiguration": {
        "service": "10070",
        "network": "em2;239.110.101.70",
        "daemon": "tcp:9025"
      }
    },
    "securityListPublisher": {
      "udpTransport": {
        "port": 33070,
        "ipAddress": "233.205.192.6",
        "networkInterface": "em3"
      }
    },
    "snapshotPublisher": {
      "udpTransport": {
        "port": 34070,
        "ipAddress": "233.205.192.4",
        "networkInterface": "em3"
      }
    },
    "faultTolerance": {
      "service": "12070",
      "network": "em2;239.110.102.70",
      "daemon": "tcp:9025"
    }
}