{	
    "marketDataServer": {
      "tibrvConfiguration": {
        "service": "10078",
        "network": "em2;239.110.101.78",
        "daemon": "tcp:9025", 
        "subjects": [
          "FA_QAB_MD.FAMDGRP078.078-SBE"
        ]
      }
    },
    "stateTransfer": {
      "tibrvConfiguration": {
        "service": "10078",
        "network": "em2;239.110.101.78",
        "daemon": "tcp:9025"
      }
    },
    "securityListPublisher": {
      "udpTransport": {
        "port": 33078,
        "ipAddress": "233.205.192.18",
        "networkInterface": "em3"
      }
    },
    "snapshotPublisher": {
      "udpTransport": {
        "port": 34078,
        "ipAddress": "233.205.192.16",
        "networkInterface": "em3"
      }
    },
    "faultTolerance": {
      "service": "12078",
      "network": "em2;239.110.102.78",
      "daemon": "tcp:9025"
    }
}