{	
    "marketDataServer": {
      "tibrvConfiguration": {
        "service": "32086",
        "network": "em2;239.119.2.86",
        "daemon": "tcp:9025", 
        "subjects": [
          "FA_QAB_MD.FAMDGRP086.086-SBE"
        ]
      }
    },
    "stateTransfer": {
      "tibrvConfiguration": {
        "service": "34086",
        "network": "em2;239.119.4.86",
        "daemon": "tcp:9025"
      }
    },
    "securityListPublisher": {
      "udpTransport": {
        "port": 33086,
        "ipAddress": "239.119.3.86",
        "networkInterface": "em2"
      }
    },
    "snapshotPublisher": {
      "udpTransport": {
        "port": 31086,
        "ipAddress": "239.119.1.86",
        "networkInterface": "em2"
      }
    },
    "faultTolerance": {
      "service": "35086",
      "network": "em2;239.119.5.86",
      "daemon": "tcp:9025"
    }
}