{	
    "marketDataServer": {
      "tibrvConfiguration": {
        "service": "31092",
        "network": "p2p2;239.119.192.125",
        "daemon": "tcp:9025", 
        "subjects": [
          "FA_QAB_MD.FAMDGRP092.092-SBE"
        ]
      }
    },
    "stateTransfer": {
      "tibrvConfiguration": {
        "service": "32092",
        "network": "p2p2;239.119.193.126",
        "daemon": "tcp:9025"
      }
    },
    "securityListPublisher": {
      "udpTransport": {
        "port": 33092,
        "ipAddress": "239.119.192.126",
        "networkInterface": "p2p1"
      }
    },
    "snapshotPublisher": {
      "udpTransport": {
        "port": 34092,
        "ipAddress": "239.119.192.124",
        "networkInterface": "p2p1"
      }
    },
    "faultTolerance": {
      "service": "35092",
      "network": "p2p2;239.119.194.126",
      "daemon": "tcp:9025"
    }
}