{	
    "marketDataServer": {
      "tibrvConfiguration": {
        "service": "31076",
        "network": "p2p2;239.119.192.14",
        "daemon": "tcp:9025", 
        "subjects": [
          "FA_QAB_MD.FAMDGRP076.076-SBE"
        ]
      }
    },
    "stateTransfer": {
      "tibrvConfiguration": {
        "service": "32076",
        "network": "p2p2;239.119.193.14",
        "daemon": "tcp:9025"
      }
    },
    "securityListPublisher": {
      "udpTransport": {
        "port": 33076,
        "ipAddress": "239.119.192.15",
        "networkInterface": "p2p1"
      }
    },
    "snapshotPublisher": {
      "udpTransport": {
        "port": 34076,
        "ipAddress": "239.119.192.13",
        "networkInterface": "p2p1"
      }
    },
    "faultTolerance": {
      "service": "35076",
      "network": "p2p2;239.119.194.14",
      "daemon": "tcp:9025"
    }
}