{	
    "marketDataServer": {
      "tibrvConfiguration": {
        "service": "31094",
        "network": "p2p2;239.119.192.128",
        "daemon": "tcp:9025", 
        "subjects": [
          "FA_QAB_MD.FAMDGRP094.094-SBE"
        ]
      }
    },
    "stateTransfer": {
      "tibrvConfiguration": {
        "service": "32094",
        "network": "p2p2;239.119.193.129",
        "daemon": "tcp:9025"
      }
    },
    "securityListPublisher": {
      "udpTransport": {
        "port": 33094,
        "ipAddress": "239.119.192.129",
        "networkInterface": "p2p1"
      }
    },
    "snapshotPublisher": {
      "udpTransport": {
        "port": 34094,
        "ipAddress": "239.119.192.127",
        "networkInterface": "p2p1"
      }
    },
    "faultTolerance": {
      "service": "35094",
      "network": "p2p2;239.119.194.129",
      "daemon": "tcp:9025"
    }
}