{	
    "marketDataServer": {
      "tibrvConfiguration": {
        "service": "31082",
        "network": "p2p2;239.119.192.110",
        "daemon": "tcp:9025", 
        "subjects": [
          "FA_QAB_MD.FAMDGRP082.082-SBE"
        ]
      }
    },
    "stateTransfer": {
      "tibrvConfiguration": {
        "service": "32082",
        "network": "p2p2;239.119.193.111",
        "daemon": "tcp:9025"
      }
    },
    "securityListPublisher": {
      "udpTransport": {
        "port": 33082,
        "ipAddress": "239.119.192.111",
        "networkInterface": "p2p1"
      }
    },
    "snapshotPublisher": {
      "udpTransport": {
        "port": 34082,
        "ipAddress": "239.119.192.109",
        "networkInterface": "p2p1"
      }
    },
    "faultTolerance": {
      "service": "35082",
      "network": "p2p2;239.119.194.111",
      "daemon": "tcp:9025"
    }
}