{	
    "marketDataServer": {
      "tibrvConfiguration": {
        "service": "31084",
        "network": "p2p2;239.119.192.113",
        "daemon": "tcp:9025", 
        "subjects": [
          "FA_QAB_MD.FAMDGRP084.084-SBE"
        ]
      }
    },
    "stateTransfer": {
      "tibrvConfiguration": {
        "service": "32084",
        "network": "p2p2;239.119.193.114",
        "daemon": "tcp:9025"
      }
    },
    "securityListPublisher": {
      "udpTransport": {
        "port": 33084,
        "ipAddress": "239.119.192.114",
        "networkInterface": "p2p1"
      }
    },
    "snapshotPublisher": {
      "udpTransport": {
        "port": 34084,
        "ipAddress": "239.119.192.112",
        "networkInterface": "p2p1"
      }
    },
    "faultTolerance": {
      "service": "35084",
      "network": "p2p2;239.119.194.114",
      "daemon": "tcp:9025"
    }
}