{	
    "marketDataServer": {
      "tibrvConfiguration": {
        "service": "31090",
        "network": "p2p2;239.119.192.122",
        "daemon": "tcp:9025", 
        "subjects": [
          "FA_QAB_MD.FAMDGRP090.090-SBE"
        ]
      }
    },
    "stateTransfer": {
      "tibrvConfiguration": {
        "service": "32090",
        "network": "p2p2;239.119.193.123",
        "daemon": "tcp:9025"
      }
    },
    "securityListPublisher": {
      "udpTransport": {
        "port": 33090,
        "ipAddress": "239.119.192.123",
        "networkInterface": "p2p1"
      }
    },
    "snapshotPublisher": {
      "udpTransport": {
        "port": 34090,
        "ipAddress": "239.119.192.121",
        "networkInterface": "p2p1"
      }
    },
    "faultTolerance": {
      "service": "35090",
      "network": "p2p2;239.119.194.123",
      "daemon": "tcp:9025"
    }
}