{
  "configuredChannels": [
    {
      "channelNo": 82,
      "inboundListener": {
        "type": "tibrv",
        "tibrvConfiguration": {
          "service": "10082",
          "network": "p2p1;239.118.101.82",
          "daemon": "tcp:9025",
          "callbackInstanceName": "upperbus",
          "subjects": [
            "FA_QAB_MD.FAMDGRP082.082-SBE"
          ]
        }
      },
      "udpTransportInterfaceConfiguration": {
        "port": 50002,
        "ipAddress": "239.114.102.1",
        "networkInterface": "p2p2"
      }
    },
    {
      "channelNo": 88,
      "inboundListener": {
        "type": "tibrv",
        "tibrvConfiguration": {
          "service": "10088",
          "network": "p1p2;239.118.101.88",
          "daemon": "tcp:9025",
          "callbackInstanceName": "upperbus",
          "subjects": [
            "FA_QAB_MD.FAMDGRP088.088-SBE"
          ]
        }
      },
      "udpTransportInterfaceConfiguration": {
        "port": 50002,
        "ipAddress": "239.114.102.1",
        "networkInterface": "p2p2"
      }
    }
  ],
  "faultTolerance": {
    "service": "14082",
    "network": "p2p1;239.118.102.82",
    "daemon": "tcp:9025"
  }
}