host;instance;pref
pmatrd30103q;BSA_068;P
pmatrd30104q;BSA_068;B
pmatrd30103q;BSA_070;P
pmatrd30104q;BSA_070;B
pmatrd30103q;BSA_072;P
pmatrd30104q;BSA_072;B
pmatrd30103q;BSA_074;P
pmatrd30104q;BSA_074;B
pmatrd30103q;BSA_076;P
pmatrd30104q;BSA_076;B
pmatrd30103q;BSA_078;P
pmatrd30104q;BSA_078;B
pmatrd30103q;BSA_080;P
pmatrd30104q;BSA_080;B
pmatrd30103q;BSA_082;P
pmatrd30104q;BSA_082;B
pmatrd30103q;BSA_084;P
pmatrd30104q;BSA_084;B
pmatrd30103q;BSA_086;P
pmatrd30104q;BSA_086;B
pmatrd30103q;BSA_088;P
pmatrd30104q;BSA_088;B
pmatrd30103q;BSA_090;P
pmatrd30104q;BSA_090;B
pmatrd30103q;BSA_092;P
pmatrd30104q;BSA_092;B
pmatrd30103q;BSA_094;P
pmatrd30104q;BSA_094;B
pmatrd30103q;BSA_098;P
pmatrd30104q;BSA_098;B