{	
    "marketDataServer": {
      "tibrvConfiguration": {
        "service": "32098",
        "network": "em2;239.119.2.98",
        "daemon": "tcp:9025", 
        "subjects": [
          "FA_QAB_MD.FAMDGRP098.098-SBE"
        ]
      }
    },
    "stateTransfer": {
      "tibrvConfiguration": {
        "service": "34098",
        "network": "em2;239.119.4.98",
        "daemon": "tcp:9025"
      }
    },
    "securityListPublisher": {
      "udpTransport": {
        "port": 33098,
        "ipAddress": "239.119.3.98",
        "networkInterface": "em2"
      }
    },
    "snapshotPublisher": {
      "udpTransport": {
        "port": 31098,
        "ipAddress": "239.119.1.98",
        "networkInterface": "em2"
      }
    },
    "faultTolerance": {
      "service": "35098",
      "network": "em2;239.119.5.98",
      "daemon": "tcp:9025"
    }
}