{	
    "marketDataServer": {
      "tibrvConfiguration": {
        "service": "32082",
        "network": "em2;239.119.2.82",
        "daemon": "tcp:9025", 
        "subjects": [
          "FA_QAB_MD.FAMDGRP082.082-SBE"
        ]
      }
    },
    "stateTransfer": {
      "tibrvConfiguration": {
        "service": "34082",
        "network": "em2;239.119.4.82",
        "daemon": "tcp:9025"
      }
    },
    "securityListPublisher": {
      "udpTransport": {
        "port": 33082,
        "ipAddress": "239.119.3.82",
        "networkInterface": "em2"
      }
    },
    "snapshotPublisher": {
      "udpTransport": {
        "port": 31082,
        "ipAddress": "239.119.1.82",
        "networkInterface": "em2"
      }
    },
    "faultTolerance": {
      "service": "35082",
      "network": "em2;239.119.5.82",
      "daemon": "tcp:9025"
    }
}