{	
    "marketDataServer": {
      "tibrvConfiguration": {
        "service": "32074",
        "network": "em2;239.119.2.74",
        "daemon": "tcp:9025", 
        "subjects": [
          "FA_QAB_MD.FAMDGRP074.074-SBE"
        ]
      }
    },
    "stateTransfer": {
      "tibrvConfiguration": {
        "service": "34074",
        "network": "em2;239.119.4.74",
        "daemon": "tcp:9025"
      }
    },
    "securityListPublisher": {
      "udpTransport": {
        "port": 33074,
        "ipAddress": "239.119.3.74",
        "networkInterface": "em2"
      }
    },
    "snapshotPublisher": {
      "udpTransport": {
        "port": 31074,
        "ipAddress": "239.119.1.74",
        "networkInterface": "em2"
      }
    },
    "faultTolerance": {
      "service": "35074",
      "network": "em2;239.119.5.74",
      "daemon": "tcp:9025"
    }
}