host;instance;pref
pmatrd69l1u;BSA_068;P
pmatrd71l1u;BSA_068;B
pmatrd71l1u;BSA_070;P
pmatrd69l1u;BSA_070;B
pmatrd72l1u;BSA_072;P
pmatrd73l1u;BSA_072;B
pmatrd73l1u;BSA_074;P
pmatrd72l1u;BSA_074;B
pmatrd69l1u;BSA_076;P
pmatrd71l1u;BSA_076;B
pmatrd69l1u;BSA_078;P
pmatrd71l1u;BSA_078;B
pmatrd94l1u;BSA_080;P
pmatrd93l1u;BSA_080;B
pmatrd91l1u;BSA_082;P
pmatrd92l1u;BSA_082;B
pmatrd75l1u;BSA_084;P
pmatrd74l1u;BSA_084;B
pmatrd93l1u;BSA_086;P
pmatrd94l1u;BSA_086;B
pmatrd78l1u;BSA_088;P
pmatrd76l1u;BSA_088;B
pmatrd74l1u;BSA_090;P
pmatrd75l1u;BSA_090;B
pmatrd76l1u;BSA_092;P
pmatrd78l1u;BSA_092;B
pmatrd92l1u;BSA_094;P
pmatrd91l1u;BSA_094;B
pmatrd92l1u;BSA_098;P
pmatrd91l1u;BSA_098;B