{	
    "marketDataServer": {
      "tibrvConfiguration": {
        "service": "32088",
        "network": "em2;239.119.2.88",
        "daemon": "tcp:9025", 
        "subjects": [
          "FA_QAB_MD.FAMDGRP088.088-SBE"
        ]
      }
    },
    "stateTransfer": {
      "tibrvConfiguration": {
        "service": "34088",
        "network": "em2;239.119.4.88",
        "daemon": "tcp:9025"
      }
    },
    "securityListPublisher": {
      "udpTransport": {
        "port": 33088,
        "ipAddress": "239.119.3.88",
        "networkInterface": "em2"
      }
    },
    "snapshotPublisher": {
      "udpTransport": {
        "port": 31088,
        "ipAddress": "239.119.1.88",
        "networkInterface": "em2"
      }
    },
    "faultTolerance": {
      "service": "35088",
      "network": "em2;239.119.5.88",
      "daemon": "tcp:9025"
    }
}