{	
    "marketDataServer": {
      "tibrvConfiguration": {
        "service": "32092",
        "network": "em2;239.119.2.92",
        "daemon": "tcp:9025", 
        "subjects": [
          "FA_QAB_MD.FAMDGRP092.092-SBE"
        ]
      }
    },
    "stateTransfer": {
      "tibrvConfiguration": {
        "service": "34092",
        "network": "em2;239.119.4.92",
        "daemon": "tcp:9025"
      }
    },
    "securityListPublisher": {
      "udpTransport": {
        "port": 33092,
        "ipAddress": "239.119.3.92",
        "networkInterface": "em2"
      }
    },
    "snapshotPublisher": {
      "udpTransport": {
        "port": 31092,
        "ipAddress": "239.119.1.92",
        "networkInterface": "em2"
      }
    },
    "faultTolerance": {
      "service": "35092",
      "network": "em2;239.119.5.92",
      "daemon": "tcp:9025"
    }
}