{	
    "marketDataServer": {
      "tibrvConfiguration": {
        "service": "32068",
        "network": "em2;239.119.2.68",
        "daemon": "tcp:9025", 
        "subjects": [
          "FA_QAB_MD.FAMDGRP068.068-SBE"
        ]
      }
    },
    "stateTransfer": {
      "tibrvConfiguration": {
        "service": "34068",
        "network": "em2;239.119.4.68",
        "daemon": "tcp:9025"
      }
    },
    "securityListPublisher": {
      "udpTransport": {
        "port": 33068,
        "ipAddress": "239.119.3.68",
        "networkInterface": "em2"
      }
    },
    "snapshotPublisher": {
      "udpTransport": {
        "port": 31068,
        "ipAddress": "239.119.1.68",
        "networkInterface": "em2"
      }
    },
    "faultTolerance": {
      "service": "35068",
      "network": "em2;239.119.5.68",
      "daemon": "tcp:9025"
    }
}