{	
    "marketDataServer": {
      "tibrvConfiguration": {
        "service": "32070",
        "network": "em2;239.119.2.70",
        "daemon": "tcp:9025", 
        "subjects": [
          "FA_QAB_MD.FAMDGRP070.070-SBE"
        ]
      }
    },
    "stateTransfer": {
      "tibrvConfiguration": {
        "service": "34070",
        "network": "em2;239.119.4.70",
        "daemon": "tcp:9025"
      }
    },
    "securityListPublisher": {
      "udpTransport": {
        "port": 33070,
        "ipAddress": "239.119.3.70",
        "networkInterface": "em2"
      }
    },
    "snapshotPublisher": {
      "udpTransport": {
        "port": 31070,
        "ipAddress": "239.119.1.70",
        "networkInterface": "em2"
      }
    },
    "faultTolerance": {
      "service": "35070",
      "network": "em2;239.119.5.70",
      "daemon": "tcp:9025"
    }
}