{	
    "marketDataServer": {
      "tibrvConfiguration": {
        "service": "32078",
        "network": "em2;239.119.2.78",
        "daemon": "tcp:9025", 
        "subjects": [
          "FA_QAB_MD.FAMDGRP078.078-SBE"
        ]
      }
    },
    "stateTransfer": {
      "tibrvConfiguration": {
        "service": "34078",
        "network": "em2;239.119.4.78",
        "daemon": "tcp:9025"
      }
    },
    "securityListPublisher": {
      "udpTransport": {
        "port": 33078,
        "ipAddress": "239.119.3.78",
        "networkInterface": "em2"
      }
    },
    "snapshotPublisher": {
      "udpTransport": {
        "port": 31078,
        "ipAddress": "239.119.1.78",
        "networkInterface": "em2"
      }
    },
    "faultTolerance": {
      "service": "35078",
      "network": "em2;239.119.5.78",
      "daemon": "tcp:9025"
    }
}