{	
    "marketDataServer": {
      "tibrvConfiguration": {
        "service": "31076",
        "network": "em2;233.205.192.14",
        "daemon": "tcp:9025", 
        "subjects": [
          "FA_QAB_MD.FAMDGRP076.076-SBE"
        ]
      }
    },
    "stateTransfer": {
      "tibrvConfiguration": {
        "service": "32076",
        "network": "em2;239.110.193.14",
        "daemon": "tcp:9025"
      }
    },
    "securityListPublisher": {
      "udpTransport": {
        "port": 33076,
        "ipAddress": "233.205.192.15",
        "networkInterface": "em3"
      }
    },
    "snapshotPublisher": {
      "udpTransport": {
        "port": 34076,
        "ipAddress": "233.205.192.13",
        "networkInterface": "em3"
      }
    },
    "faultTolerance": {
      "service": "35076",
      "network": "em2;239.205.194.14",
      "daemon": "tcp:9025"
    }
}