{	
    "marketDataServer": {
      "tibrvConfiguration": {
        "service": "31068",
        "network": "em2;233.205.192.2",
        "daemon": "tcp:9025", 
        "subjects": [
          "FA_QAB_MD.FAMDGRP068.068-SBE"
        ]
      }
    },
    "stateTransfer": {
      "tibrvConfiguration": {
        "service": "32068",
        "network": "em2;239.110.193.2",
        "daemon": "tcp:9025"
      }
    },
    "securityListPublisher": {
      "udpTransport": {
        "port": 33068,
        "ipAddress": "233.205.192.3",
        "networkInterface": "em3"
      }
    },
    "snapshotPublisher": {
      "udpTransport": {
        "port": 34068,
        "ipAddress": "233.205.192.1",
        "networkInterface": "em3"
      }
    },
    "faultTolerance": {
      "service": "35068",
      "network": "em2;239.205.194.2",
      "daemon": "tcp:9025"
    }
}