{	
    "marketDataServer": {
      "tibrvConfiguration": {
        "service": "31092",
        "network": "em2;239.110.192.125",
        "daemon": "tcp:9025", 
        "subjects": [
          "FA_QAB_MD.FAMDGRP092.092-SBE"
        ]
      }
    },
    "stateTransfer": {
      "tibrvConfiguration": {
        "service": "32092",
        "network": "em2;239.110.193.126",
        "daemon": "tcp:9025"
      }
    },
    "securityListPublisher": {
      "udpTransport": {
        "port": 33092,
        "ipAddress": "233.205.192.126",
        "networkInterface": "em3"
      }
    },
    "snapshotPublisher": {
      "udpTransport": {
        "port": 34092,
        "ipAddress": "233.205.192.124",
        "networkInterface": "em3"
      }
    },
    "faultTolerance": {
      "service": "35092",
      "network": "em2;239.205.194.126",
      "daemon": "tcp:9025"
    }
}