{	
    "marketDataServer": {
      "tibrvConfiguration": {
        "service": "31084",
        "network": "em2;239.110.192.113",
        "daemon": "tcp:9025", 
        "subjects": [
          "FA_QAB_MD.FAMDGRP084.084-SBE"
        ]
      }
    },
    "stateTransfer": {
      "tibrvConfiguration": {
        "service": "32084",
        "network": "em2;239.110.193.114",
        "daemon": "tcp:9025"
      }
    },
    "securityListPublisher": {
      "udpTransport": {
        "port": 33084,
        "ipAddress": "233.205.192.114",
        "networkInterface": "em3"
      }
    },
    "snapshotPublisher": {
      "udpTransport": {
        "port": 34084,
        "ipAddress": "233.205.192.112",
        "networkInterface": "em3"
      }
    },
    "faultTolerance": {
      "service": "35084",
      "network": "em2;239.205.194.114",
      "daemon": "tcp:9025"
    }
}