{	
    "marketDataServer": {
      "tibrvConfiguration": {
        "service": "31080",
        "network": "em2;239.110.192.107",
        "daemon": "tcp:9025", 
        "subjects": [
          "FA_QAB_MD.FAMDGRP080.080-SBE"
        ]
      }
    },
    "stateTransfer": {
      "tibrvConfiguration": {
        "service": "32080",
        "network": "em2;239.110.193.108",
        "daemon": "tcp:9025"
      }
    },
    "securityListPublisher": {
      "udpTransport": {
        "port": 33080,
        "ipAddress": "233.205.192.108",
        "networkInterface": "em3"
      }
    },
    "snapshotPublisher": {
      "udpTransport": {
        "port": 34080,
        "ipAddress": "233.205.192.106",
        "networkInterface": "em3"
      }
    },
    "faultTolerance": {
      "service": "35080",
      "network": "em2;239.205.194.108",
      "daemon": "tcp:9025"
    }
}