{	
    "marketDataServer": {
      "tibrvConfiguration": {
        "service": "31070",
        "network": "em2;233.205.192.5",
        "daemon": "tcp:9025", 
        "subjects": [
          "FA_QAB_MD.FAMDGRP070.070-SBE"
        ]
      }
    },
    "stateTransfer": {
      "tibrvConfiguration": {
        "service": "32070",
        "network": "em2;239.110.193.5",
        "daemon": "tcp:9025"
      }
    },
    "securityListPublisher": {
      "udpTransport": {
        "port": 33070,
        "ipAddress": "233.205.192.6",
        "networkInterface": "em3"
      }
    },
    "snapshotPublisher": {
      "udpTransport": {
        "port": 34070,
        "ipAddress": "233.205.192.4",
        "networkInterface": "em3"
      }
    },
    "faultTolerance": {
      "service": "35070",
      "network": "em2;239.205.194.5",
      "daemon": "tcp:9025"
    }
}