{	
    "marketDataServer": {
      "tibrvConfiguration": {
        "service": "31090",
        "network": "em2;239.110.192.122",
        "daemon": "tcp:9025", 
        "subjects": [
          "FA_QAB_MD.FAMDGRP090.090-SBE"
        ]
      }
    },
    "stateTransfer": {
      "tibrvConfiguration": {
        "service": "32090",
        "network": "em2;239.110.193.123",
        "daemon": "tcp:9025"
      }
    },
    "securityListPublisher": {
      "udpTransport": {
        "port": 33090,
        "ipAddress": "233.205.192.123",
        "networkInterface": "em3"
      }
    },
    "snapshotPublisher": {
      "udpTransport": {
        "port": 34090,
        "ipAddress": "233.205.192.121",
        "networkInterface": "em3"
      }
    },
    "faultTolerance": {
      "service": "35090",
      "network": "em2;239.205.194.123",
      "daemon": "tcp:9025"
    }
}