{	
    "marketDataServer": {
      "tibrvConfiguration": {
        "service": "10090",
        "network": "em2;239.110.101.90",
        "daemon": "tcp:9025", 
        "subjects": [
          "FA_QAB_MD.FAMDGRP090.090-SBE"
        ]
      }
    },
    "stateTransfer": {
      "tibrvConfiguration": {
        "service": "10090",
        "network": "em2;239.110.101.90",
        "daemon": "tcp:9025"
      }
    },
    "securityListPublisher": {
      "udpTransport": {
        "port": 33090,
        "ipAddress": "233.205.192.123",
        "networkInterface": "em2"
      }
    },
    "snapshotPublisher": {
      "udpTransport": {
        "port": 34090,
        "ipAddress": "233.205.192.121",
        "networkInterface": "em3"
      }
    },
    "faultTolerance": {
      "service": "12090",
      "network": "em2;239.110.102.90",
      "daemon": "tcp:9025"
    }
}