host;instance;pref
pmatrd68l1c;BSA_068;P
pmatrd69l1c;BSA_068;B
pmatrd69l1c;BSA_070;P
pmatrd68l1c;BSA_070;B
pmatrd70l1c;BSA_072;P
pmatrd71l1c;BSA_072;B
pmatrd71l1c;BSA_074;P
pmatrd70l1c;BSA_074;B
pmatrd68l1c;BSA_076;P
pmatrd69l1c;BSA_076;B
pmatrd68l1c;BSA_078;P
pmatrd69l1c;BSA_078;B
pmatrd94l1c;BSA_080;P
pmatrd79l1c;BSA_080;B
pmatrd77l1c;BSA_082;P
pmatrd78l1c;BSA_082;B
pmatrd73l1c;BSA_084;P
pmatrd72l1c;BSA_084;B
pmatrd79l1c;BSA_086;P
pmatrd94l1c;BSA_086;B
pmatrd75l1c;BSA_088;P
pmatrd74l1c;BSA_088;B
pmatrd72l1c;BSA_090;P
pmatrd73l1c;BSA_090;B
pmatrd74l1c;BSA_092;P
pmatrd75l1c;BSA_092;B
pmatrd78l1c;BSA_094;P
pmatrd77l1c;BSA_094;B
pmatrd78l1c;BSA_098;P
pmatrd77l1c;BSA_098;B