<?xml version="1.0" encoding="UTF-8"?>
<!DOCTYPE xml>
<Configuration status="warn" shutdownHook="disable">
    <Properties>
        <!-- the property log_dir is can be passed at JVM startup with -D. Eg: -Dlog_dir=/var/log/bmd
        Its default value is a directory log on the application home  -->
        <Property name="log-path">${sys:log_dir:-log}</Property>
        <!-- the property instance_name is meant to be passed at JVM startup with -D. Eg: -Dinstance_name=CANAL83  -->
        <Property name="app-name">${sys:APPNAME:-default_instance_name}</Property>
    </Properties>
    <Appenders>
        <Console name="console-appender" target="SYSTEM_OUT">
            <PatternLayout pattern="[%-5level] %d{yyyy-MM-dd HH:mm:ss.SSS} [%t] %c{1} - %msg%n" />
        </Console>
        <RollingRandomAccessFile name="application-appender"
                                 fileName="${log-path}/${app-name}.log"
                                 filePattern="${log-path}/${app-name}-%d{yyyyMMdd}.%i.log"
                                 immediateFlush="true"
                                 append="true">
            <PatternLayout>
                <pattern>[%-5level] %d{yyyy-MM-dd HH:mm:ss.SSS} [%t] %c{1} - %msg%n</pattern>
            </PatternLayout>
            <Policies>
                <TimeBasedTriggeringPolicy interval="1" modulate="true"/>
                <SizeBasedTriggeringPolicy size="100 MB"/>
                <OnStartupTriggeringPolicy/>
            </Policies>
            <DefaultRolloverStrategy max="1000"/>
        </RollingRandomAccessFile>

        <RollingRandomAccessFile name="application-error-appender"
                                 fileName="${log-path}/${app-name}_errors.log"
                                 filePattern="${log-path}/${app-name}_errors-%d{yyyyMMdd}.%i.log"
                                 immediateFlush="true"
                                 append="true">
            <PatternLayout>
                <pattern>[%-5level] %d{yyyy-MM-dd HH:mm:ss.SSS} [%t] %c{1} - %msg%n</pattern>
            </PatternLayout>
            <Policies>
                <TimeBasedTriggeringPolicy interval="1" modulate="true"/>
                <SizeBasedTriggeringPolicy size="100 MB"/>
                <OnStartupTriggeringPolicy/>
            </Policies>
            <DefaultRolloverStrategy max="1000"/>
        </RollingRandomAccessFile>

        <RollingRandomAccessFile name="application-counter-appender"
                                 fileName="${log-path}/${app-name}_counters.log"
                                 filePattern="${log-path}/${app-name}_counters-%d{yyyyMMdd}.%i.log"
                                 immediateFlush="true"
                                 append="true">
            <PatternLayout>
                <pattern>[%-5level] %d{yyyy-MM-dd HH:mm:ss.SSS} [%t] %c{1} - %msg%n</pattern>
            </PatternLayout>
            <Policies>
                <TimeBasedTriggeringPolicy interval="1" modulate="true"/>
                <SizeBasedTriggeringPolicy size="100 MB"/>
                <OnStartupTriggeringPolicy/>
            </Policies>
            <DefaultRolloverStrategy max="1000"/>
        </RollingRandomAccessFile>

        <RollingRandomAccessFile name="application-hdr-metric-appender"
          fileName="${log-path}/${app-name}_hdr_metrics.log"
          filePattern="${log-path}/${app-name}_hdr_metrics-%d{yyyyMMdd}.%i.log"
          immediateFlush="true"
          append="true">
            <PatternLayout>
                <pattern>%msg</pattern>
            </PatternLayout>
            <Policies>
                <TimeBasedTriggeringPolicy interval="1" modulate="true"/>
                <SizeBasedTriggeringPolicy size="100 MB"/>
                <OnStartupTriggeringPolicy/>
            </Policies>
            <DefaultRolloverStrategy max="1000"/>
        </RollingRandomAccessFile>
    </Appenders>
    <Loggers>
        <!-- if using AsyngLogger (enabled by -DLog4jContextSelector=org.apache.logging.log4j.core.async.AsyncLoggerContextSelector)
        you may set includeLocation to false and obtain an even better performance.
        More details at: https://logging.apache.org/log4j/2.x/log4j-core/apidocs/org/apache/logging/log4j/core/async/AsyncLogger.html
        Be aware that AsyncLoggers have some drawbacks as stated at https://logging.apache.org/log4j/2.x/manual/async.html !-->

        <Logger name="br.com.b3.bmd.snapshot.counter" level="info" additivity="false">
            <appender-ref ref="application-counter-appender"/>
        </Logger>

        <Logger name="MetricHDRLog" level="info" additivity="false">
            <appender-ref ref="application-hdr-metric-appender"/>
        </Logger>

        <Root level="info" additivity="false" includeLocation="true">
            <appender-ref ref="application-appender" level="info"/>
            <appender-ref ref="application-error-appender" level="error"/>
        </Root>
    </Loggers>
</Configuration>