{	
    "marketDataServer": {
      "tibrvConfiguration": {
        "service": "10088",
        "network": "em2;239.110.101.88",
        "daemon": "tcp:9025", 
        "subjects": [
          "FA_QAB_MD.FAMDGRP088.088-SBE"
        ]
      }
    },
    "stateTransfer": {
      "tibrvConfiguration": {
        "service": "10088",
        "network": "em2;239.110.101.88",
        "daemon": "tcp:9025"
      }
    },
    "securityListPublisher": {
      "udpTransport": {
        "port": 33088,
        "ipAddress": "233.205.192.120",
        "networkInterface": "em3"
      }
    },
    "snapshotPublisher": {
      "udpTransport": {
        "port": 34088,
        "ipAddress": "233.205.192.118",
        "networkInterface": "em3"
      }
    },
    "faultTolerance": {
      "service": "12088",
      "network": "em2;239.110.102.88",
      "daemon": "tcp:9025"
    }
}