{	
    "marketDataServer": {
      "tibrvConfiguration": {
        "service": "10092",
        "network": "em2;239.110.101.92",
        "daemon": "tcp:9025", 
        "subjects": [
          "FA_QAB_MD.FAMDGRP092.092-SBE"
        ]
      }
    },
    "stateTransfer": {
      "tibrvConfiguration": {
        "service": "10092",
        "network": "em2;239.110.101.92",
        "daemon": "tcp:9025"
      }
    },
    "securityListPublisher": {
      "udpTransport": {
        "port": 33092,
        "ipAddress": "233.205.192.126",
        "networkInterface": "em3"
      }
    },
    "snapshotPublisher": {
      "udpTransport": {
        "port": 34092,
        "ipAddress": "233.205.192.124",
        "networkInterface": "em3"
      }
    },
    "faultTolerance": {
      "service": "12092",
      "network": "em2;239.110.102.92",
      "daemon": "tcp:9025"
    }
}