{	
    "marketDataServer": {
      "tibrvConfiguration": {
        "service": "32084",
        "network": "em2;239.119.2.84",
        "daemon": "tcp:9025", 
        "subjects": [
          "FA_QAB_MD.FAMDGRP084.084-SBE"
        ]
      }
    },
    "stateTransfer": {
      "tibrvConfiguration": {
        "service": "34084",
        "network": "em2;239.119.4.84",
        "daemon": "tcp:9025"
      }
    },
    "securityListPublisher": {
      "udpTransport": {
        "port": 33084,
        "ipAddress": "239.119.3.84",
        "networkInterface": "em2"
      }
    },
    "snapshotPublisher": {
      "udpTransport": {
        "port": 31084,
        "ipAddress": "239.119.1.84",
        "networkInterface": "em2"
      }
    },
    "faultTolerance": {
      "service": "35084",
      "network": "em2;239.119.5.84",
      "daemon": "tcp:9025"
    }
}