{	
    "marketDataServer": {
      "tibrvConfiguration": {
        "service": "32090",
        "network": "em2;239.119.2.90",
        "daemon": "tcp:9025", 
        "subjects": [
          "FA_QAB_MD.FAMDGRP090.090-SBE"
        ]
      }
    },
    "stateTransfer": {
      "tibrvConfiguration": {
        "service": "34090",
        "network": "em2;239.119.4.90",
        "daemon": "tcp:9025"
      }
    },
    "securityListPublisher": {
      "udpTransport": {
        "port": 33090,
        "ipAddress": "239.119.3.90",
        "networkInterface": "em2"
      }
    },
    "snapshotPublisher": {
      "udpTransport": {
        "port": 31090,
        "ipAddress": "239.119.1.90",
        "networkInterface": "em2"
      }
    },
    "faultTolerance": {
      "service": "35090",
      "network": "em2;239.119.5.90",
      "daemon": "tcp:9025"
    }
}