{	
    "marketDataServer": {
      "tibrvConfiguration": {
        "service": "32072",
        "network": "p2p2;239.119.2.72",
        "daemon": "tcp:9025", 
        "subjects": [
          "FA_QAB_MD.FAMDGRP072.072-SBE"
        ]
      }
    },
    "stateTransfer": {
      "tibrvConfiguration": {
        "service": "34072",
        "network": "p2p2;239.119.4.72",
        "daemon": "tcp:9025"
      }
    },
    "securityListPublisher": {
      "udpTransport": {
        "port": 33072,
        "ipAddress": "239.119.3.72",
        "networkInterface": "p2p1"
      }
    },
    "snapshotPublisher": {
      "udpTransport": {
        "port": 31072,
        "ipAddress": "239.119.1.72",
        "networkInterface": "p2p1"
      }
    },
    "faultTolerance": {
      "service": "35072",
      "network": "p2p2;239.119.5.72",
      "daemon": "tcp:9025"
    }
}