{	
    "marketDataServer": {
      "tibrvConfiguration": {
        "service": "32080",
        "network": "p2p2;239.119.2.80",
        "daemon": "tcp:9025", 
        "subjects": [
          "FA_QAB_MD.FAMDGRP080.080-SBE"
        ]
      }
    },
    "stateTransfer": {
      "tibrvConfiguration": {
        "service": "34080",
        "network": "p2p2;239.119.4.80",
        "daemon": "tcp:9025"
      }
    },
    "securityListPublisher": {
      "udpTransport": {
        "port": 33080,
        "ipAddress": "239.119.3.80",
        "networkInterface": "p2p1"
      }
    },
    "snapshotPublisher": {
      "udpTransport": {
        "port": 31080,
        "ipAddress": "239.119.1.80",
        "networkInterface": "p2p1"
      }
    },
    "faultTolerance": {
      "service": "35080",
      "network": "p2p2;239.119.5.80",
      "daemon": "tcp:9025"
    }
}