{	
    "marketDataServer": {
      "tibrvConfiguration": {
        "service": "32094",
        "network": "p2p2;239.119.2.94",
        "daemon": "tcp:9025", 
        "subjects": [
          "FA_QAB_MD.FAMDGRP094.094-SBE"
        ]
      }
    },
    "stateTransfer": {
      "tibrvConfiguration": {
        "service": "34094",
        "network": "p2p2;239.119.4.94",
        "daemon": "tcp:9025"
      }
    },
    "securityListPublisher": {
      "udpTransport": {
        "port": 33094,
        "ipAddress": "239.119.3.94",
        "networkInterface": "p2p1"
      }
    },
    "snapshotPublisher": {
      "udpTransport": {
        "port": 31094,
        "ipAddress": "239.119.1.94",
        "networkInterface": "p2p1"
      }
    },
    "faultTolerance": {
      "service": "35094",
      "network": "p2p2;239.119.5.94",
      "daemon": "tcp:9025"
    }
}