{	
    "marketDataServer": {
      "tibrvConfiguration": {
        "service": "32076",
        "network": "p2p2;239.119.2.76",
        "daemon": "tcp:9025", 
        "subjects": [
          "FA_QAB_MD.FAMDGRP076.076-SBE"
        ]
      }
    },
    "stateTransfer": {
      "tibrvConfiguration": {
        "service": "34076",
        "network": "p2p2;239.119.4.76",
        "daemon": "tcp:9025"
      }
    },
    "securityListPublisher": {
      "udpTransport": {
        "port": 33076,
        "ipAddress": "239.119.3.76",
        "networkInterface": "p2p1"
      }
    },
    "snapshotPublisher": {
      "udpTransport": {
        "port": 31076,
        "ipAddress": "239.119.1.76",
        "networkInterface": "p2p1"
      }
    },
    "faultTolerance": {
      "service": "35076",
      "network": "p2p2;239.119.5.76",
      "daemon": "tcp:9025"
    }
}